--
-- PostgreSQL database cluster dump
--

-- Started on 2025-04-12 12:04:26

--
-- Roles
--

CREATE ROLE postgres;
ALTER ROLE postgres WITH SUPERUSER INHERIT CREATEROLE CREATEDB LOGIN REPLICATION BYPASSRLS PASSWORD 'SCRAM-SHA-256$4096:c/si1rmduj8PNl2a3CGVlA==$1ld+kfS3z9rImOkP4pkcrKUIH8ZMdfFxTHbwJrutfAI=:wEYcwa2QfWg+yRUA6Fej8PEiUZlzbjJ0RWfaSH5dwo0=';

--
-- User Configurations
--








--
-- Databases
--

--
-- Database "template1" dump
--

\connect template1

--
-- PostgreSQL database dump
--

-- Dumped from database version 17.4
-- Dumped by pg_dump version 17.4

-- Started on 2025-04-12 12:04:26

SET statement_timeout = 0;
SET lock_timeout = 0;
SET idle_in_transaction_session_timeout = 0;
SET transaction_timeout = 0;
SET client_encoding = 'UTF8';
SET standard_conforming_strings = on;
SELECT pg_catalog.set_config('search_path', '', false);
SET check_function_bodies = false;
SET xmloption = content;
SET client_min_messages = warning;
SET row_security = off;

-- Completed on 2025-04-12 12:04:26

--
-- PostgreSQL database dump complete
--

--
-- Database "Plants" dump
--

--
-- PostgreSQL database dump
--

-- Dumped from database version 17.4
-- Dumped by pg_dump version 17.4

-- Started on 2025-04-12 12:04:26

SET statement_timeout = 0;
SET lock_timeout = 0;
SET idle_in_transaction_session_timeout = 0;
SET transaction_timeout = 0;
SET client_encoding = 'UTF8';
SET standard_conforming_strings = on;
SELECT pg_catalog.set_config('search_path', '', false);
SET check_function_bodies = false;
SET xmloption = content;
SET client_min_messages = warning;
SET row_security = off;

--
-- TOC entry 5052 (class 1262 OID 16384)
-- Name: Plants; Type: DATABASE; Schema: -; Owner: postgres
--

CREATE DATABASE "Plants" WITH TEMPLATE = template0 ENCODING = 'UTF8' LOCALE_PROVIDER = libc LOCALE = 'pl';


ALTER DATABASE "Plants" OWNER TO postgres;

\connect "Plants"

SET statement_timeout = 0;
SET lock_timeout = 0;
SET idle_in_transaction_session_timeout = 0;
SET transaction_timeout = 0;
SET client_encoding = 'UTF8';
SET standard_conforming_strings = on;
SELECT pg_catalog.set_config('search_path', '', false);
SET check_function_bodies = false;
SET xmloption = content;
SET client_min_messages = warning;
SET row_security = off;

SET default_tablespace = '';

SET default_table_access_method = heap;

--
-- TOC entry 224 (class 1259 OID 16408)
-- Name: auth_group; Type: TABLE; Schema: public; Owner: postgres
--

CREATE TABLE public.auth_group (
    id integer NOT NULL,
    name character varying(150) NOT NULL
);


ALTER TABLE public.auth_group OWNER TO postgres;

--
-- TOC entry 223 (class 1259 OID 16407)
-- Name: auth_group_id_seq; Type: SEQUENCE; Schema: public; Owner: postgres
--

ALTER TABLE public.auth_group ALTER COLUMN id ADD GENERATED BY DEFAULT AS IDENTITY (
    SEQUENCE NAME public.auth_group_id_seq
    START WITH 1
    INCREMENT BY 1
    NO MINVALUE
    NO MAXVALUE
    CACHE 1
);


--
-- TOC entry 226 (class 1259 OID 16416)
-- Name: auth_group_permissions; Type: TABLE; Schema: public; Owner: postgres
--

CREATE TABLE public.auth_group_permissions (
    id bigint NOT NULL,
    group_id integer NOT NULL,
    permission_id integer NOT NULL
);


ALTER TABLE public.auth_group_permissions OWNER TO postgres;

--
-- TOC entry 225 (class 1259 OID 16415)
-- Name: auth_group_permissions_id_seq; Type: SEQUENCE; Schema: public; Owner: postgres
--

ALTER TABLE public.auth_group_permissions ALTER COLUMN id ADD GENERATED BY DEFAULT AS IDENTITY (
    SEQUENCE NAME public.auth_group_permissions_id_seq
    START WITH 1
    INCREMENT BY 1
    NO MINVALUE
    NO MAXVALUE
    CACHE 1
);


--
-- TOC entry 222 (class 1259 OID 16402)
-- Name: auth_permission; Type: TABLE; Schema: public; Owner: postgres
--

CREATE TABLE public.auth_permission (
    id integer NOT NULL,
    name character varying(255) NOT NULL,
    content_type_id integer NOT NULL,
    codename character varying(100) NOT NULL
);


ALTER TABLE public.auth_permission OWNER TO postgres;

--
-- TOC entry 221 (class 1259 OID 16401)
-- Name: auth_permission_id_seq; Type: SEQUENCE; Schema: public; Owner: postgres
--

ALTER TABLE public.auth_permission ALTER COLUMN id ADD GENERATED BY DEFAULT AS IDENTITY (
    SEQUENCE NAME public.auth_permission_id_seq
    START WITH 1
    INCREMENT BY 1
    NO MINVALUE
    NO MAXVALUE
    CACHE 1
);


--
-- TOC entry 228 (class 1259 OID 16422)
-- Name: auth_user; Type: TABLE; Schema: public; Owner: postgres
--

CREATE TABLE public.auth_user (
    id integer NOT NULL,
    password character varying(128) NOT NULL,
    last_login timestamp with time zone,
    is_superuser boolean NOT NULL,
    username character varying(150) NOT NULL,
    first_name character varying(150) NOT NULL,
    last_name character varying(150) NOT NULL,
    email character varying(254) NOT NULL,
    is_staff boolean NOT NULL,
    is_active boolean NOT NULL,
    date_joined timestamp with time zone NOT NULL
);


ALTER TABLE public.auth_user OWNER TO postgres;

--
-- TOC entry 230 (class 1259 OID 16430)
-- Name: auth_user_groups; Type: TABLE; Schema: public; Owner: postgres
--

CREATE TABLE public.auth_user_groups (
    id bigint NOT NULL,
    user_id integer NOT NULL,
    group_id integer NOT NULL
);


ALTER TABLE public.auth_user_groups OWNER TO postgres;

--
-- TOC entry 229 (class 1259 OID 16429)
-- Name: auth_user_groups_id_seq; Type: SEQUENCE; Schema: public; Owner: postgres
--

ALTER TABLE public.auth_user_groups ALTER COLUMN id ADD GENERATED BY DEFAULT AS IDENTITY (
    SEQUENCE NAME public.auth_user_groups_id_seq
    START WITH 1
    INCREMENT BY 1
    NO MINVALUE
    NO MAXVALUE
    CACHE 1
);


--
-- TOC entry 227 (class 1259 OID 16421)
-- Name: auth_user_id_seq; Type: SEQUENCE; Schema: public; Owner: postgres
--

ALTER TABLE public.auth_user ALTER COLUMN id ADD GENERATED BY DEFAULT AS IDENTITY (
    SEQUENCE NAME public.auth_user_id_seq
    START WITH 1
    INCREMENT BY 1
    NO MINVALUE
    NO MAXVALUE
    CACHE 1
);


--
-- TOC entry 232 (class 1259 OID 16436)
-- Name: auth_user_user_permissions; Type: TABLE; Schema: public; Owner: postgres
--

CREATE TABLE public.auth_user_user_permissions (
    id bigint NOT NULL,
    user_id integer NOT NULL,
    permission_id integer NOT NULL
);


ALTER TABLE public.auth_user_user_permissions OWNER TO postgres;

--
-- TOC entry 231 (class 1259 OID 16435)
-- Name: auth_user_user_permissions_id_seq; Type: SEQUENCE; Schema: public; Owner: postgres
--

ALTER TABLE public.auth_user_user_permissions ALTER COLUMN id ADD GENERATED BY DEFAULT AS IDENTITY (
    SEQUENCE NAME public.auth_user_user_permissions_id_seq
    START WITH 1
    INCREMENT BY 1
    NO MINVALUE
    NO MAXVALUE
    CACHE 1
);


--
-- TOC entry 234 (class 1259 OID 16494)
-- Name: django_admin_log; Type: TABLE; Schema: public; Owner: postgres
--

CREATE TABLE public.django_admin_log (
    id integer NOT NULL,
    action_time timestamp with time zone NOT NULL,
    object_id text,
    object_repr character varying(200) NOT NULL,
    action_flag smallint NOT NULL,
    change_message text NOT NULL,
    content_type_id integer,
    user_id integer NOT NULL,
    CONSTRAINT django_admin_log_action_flag_check CHECK ((action_flag >= 0))
);


ALTER TABLE public.django_admin_log OWNER TO postgres;

--
-- TOC entry 233 (class 1259 OID 16493)
-- Name: django_admin_log_id_seq; Type: SEQUENCE; Schema: public; Owner: postgres
--

ALTER TABLE public.django_admin_log ALTER COLUMN id ADD GENERATED BY DEFAULT AS IDENTITY (
    SEQUENCE NAME public.django_admin_log_id_seq
    START WITH 1
    INCREMENT BY 1
    NO MINVALUE
    NO MAXVALUE
    CACHE 1
);


--
-- TOC entry 220 (class 1259 OID 16394)
-- Name: django_content_type; Type: TABLE; Schema: public; Owner: postgres
--

CREATE TABLE public.django_content_type (
    id integer NOT NULL,
    app_label character varying(100) NOT NULL,
    model character varying(100) NOT NULL
);


ALTER TABLE public.django_content_type OWNER TO postgres;

--
-- TOC entry 219 (class 1259 OID 16393)
-- Name: django_content_type_id_seq; Type: SEQUENCE; Schema: public; Owner: postgres
--

ALTER TABLE public.django_content_type ALTER COLUMN id ADD GENERATED BY DEFAULT AS IDENTITY (
    SEQUENCE NAME public.django_content_type_id_seq
    START WITH 1
    INCREMENT BY 1
    NO MINVALUE
    NO MAXVALUE
    CACHE 1
);


--
-- TOC entry 218 (class 1259 OID 16386)
-- Name: django_migrations; Type: TABLE; Schema: public; Owner: postgres
--

CREATE TABLE public.django_migrations (
    id bigint NOT NULL,
    app character varying(255) NOT NULL,
    name character varying(255) NOT NULL,
    applied timestamp with time zone NOT NULL
);


ALTER TABLE public.django_migrations OWNER TO postgres;

--
-- TOC entry 217 (class 1259 OID 16385)
-- Name: django_migrations_id_seq; Type: SEQUENCE; Schema: public; Owner: postgres
--

ALTER TABLE public.django_migrations ALTER COLUMN id ADD GENERATED BY DEFAULT AS IDENTITY (
    SEQUENCE NAME public.django_migrations_id_seq
    START WITH 1
    INCREMENT BY 1
    NO MINVALUE
    NO MAXVALUE
    CACHE 1
);


--
-- TOC entry 235 (class 1259 OID 16522)
-- Name: django_session; Type: TABLE; Schema: public; Owner: postgres
--

CREATE TABLE public.django_session (
    session_key character varying(40) NOT NULL,
    session_data text NOT NULL,
    expire_date timestamp with time zone NOT NULL
);


ALTER TABLE public.django_session OWNER TO postgres;

--
-- TOC entry 237 (class 1259 OID 16532)
-- Name: myapp_plant; Type: TABLE; Schema: public; Owner: postgres
--

CREATE TABLE public.myapp_plant (
    id bigint NOT NULL,
    name character varying(100) NOT NULL,
    species character varying(100),
    image character varying(100),
    water_amount_ml integer NOT NULL,
    watering_frequency_days integer NOT NULL,
    sunlight character varying(50),
    soil_type character varying(100),
    preferred_temperature integer,
    CONSTRAINT myapp_plant_water_amount_ml_13d190be_check CHECK ((water_amount_ml >= 0)),
    CONSTRAINT myapp_plant_watering_frequency_days_4e350ef4_check CHECK ((watering_frequency_days >= 0))
);


ALTER TABLE public.myapp_plant OWNER TO postgres;

--
-- TOC entry 236 (class 1259 OID 16531)
-- Name: myapp_plant_id_seq; Type: SEQUENCE; Schema: public; Owner: postgres
--

ALTER TABLE public.myapp_plant ALTER COLUMN id ADD GENERATED BY DEFAULT AS IDENTITY (
    SEQUENCE NAME public.myapp_plant_id_seq
    START WITH 1
    INCREMENT BY 1
    NO MINVALUE
    NO MAXVALUE
    CACHE 1
);


--
-- TOC entry 239 (class 1259 OID 16540)
-- Name: myapp_userplant; Type: TABLE; Schema: public; Owner: postgres
--

CREATE TABLE public.myapp_userplant (
    id bigint NOT NULL,
    added_at timestamp with time zone NOT NULL,
    next_watering_date date,
    plant_id bigint NOT NULL,
    user_id integer NOT NULL
);


ALTER TABLE public.myapp_userplant OWNER TO postgres;

--
-- TOC entry 238 (class 1259 OID 16539)
-- Name: myapp_userplant_id_seq; Type: SEQUENCE; Schema: public; Owner: postgres
--

ALTER TABLE public.myapp_userplant ALTER COLUMN id ADD GENERATED BY DEFAULT AS IDENTITY (
    SEQUENCE NAME public.myapp_userplant_id_seq
    START WITH 1
    INCREMENT BY 1
    NO MINVALUE
    NO MAXVALUE
    CACHE 1
);


--
-- TOC entry 241 (class 1259 OID 16546)
-- Name: myapp_wateringhistory; Type: TABLE; Schema: public; Owner: postgres
--

CREATE TABLE public.myapp_wateringhistory (
    id bigint NOT NULL,
    watered_at timestamp with time zone NOT NULL,
    user_plant_id bigint NOT NULL
);


ALTER TABLE public.myapp_wateringhistory OWNER TO postgres;

--
-- TOC entry 240 (class 1259 OID 16545)
-- Name: myapp_wateringhistory_id_seq; Type: SEQUENCE; Schema: public; Owner: postgres
--

ALTER TABLE public.myapp_wateringhistory ALTER COLUMN id ADD GENERATED BY DEFAULT AS IDENTITY (
    SEQUENCE NAME public.myapp_wateringhistory_id_seq
    START WITH 1
    INCREMENT BY 1
    NO MINVALUE
    NO MAXVALUE
    CACHE 1
);


--
-- TOC entry 5029 (class 0 OID 16408)
-- Dependencies: 224
-- Data for Name: auth_group; Type: TABLE DATA; Schema: public; Owner: postgres
--

COPY public.auth_group (id, name) FROM stdin;
\.


--
-- TOC entry 5031 (class 0 OID 16416)
-- Dependencies: 226
-- Data for Name: auth_group_permissions; Type: TABLE DATA; Schema: public; Owner: postgres
--

COPY public.auth_group_permissions (id, group_id, permission_id) FROM stdin;
\.


--
-- TOC entry 5027 (class 0 OID 16402)
-- Dependencies: 222
-- Data for Name: auth_permission; Type: TABLE DATA; Schema: public; Owner: postgres
--

COPY public.auth_permission (id, name, content_type_id, codename) FROM stdin;
1	Can add log entry	1	add_logentry
2	Can change log entry	1	change_logentry
3	Can delete log entry	1	delete_logentry
4	Can view log entry	1	view_logentry
5	Can add permission	2	add_permission
6	Can change permission	2	change_permission
7	Can delete permission	2	delete_permission
8	Can view permission	2	view_permission
9	Can add group	3	add_group
10	Can change group	3	change_group
11	Can delete group	3	delete_group
12	Can view group	3	view_group
13	Can add user	4	add_user
14	Can change user	4	change_user
15	Can delete user	4	delete_user
16	Can view user	4	view_user
17	Can add content type	5	add_contenttype
18	Can change content type	5	change_contenttype
19	Can delete content type	5	delete_contenttype
20	Can view content type	5	view_contenttype
21	Can add session	6	add_session
22	Can change session	6	change_session
23	Can delete session	6	delete_session
24	Can view session	6	view_session
25	Can add watering history	7	add_wateringhistory
26	Can change watering history	7	change_wateringhistory
27	Can delete watering history	7	delete_wateringhistory
28	Can view watering history	7	view_wateringhistory
29	Can add plant	8	add_plant
30	Can change plant	8	change_plant
31	Can delete plant	8	delete_plant
32	Can view plant	8	view_plant
33	Can add user plant	9	add_userplant
34	Can change user plant	9	change_userplant
35	Can delete user plant	9	delete_userplant
36	Can view user plant	9	view_userplant
\.


--
-- TOC entry 5033 (class 0 OID 16422)
-- Dependencies: 228
-- Data for Name: auth_user; Type: TABLE DATA; Schema: public; Owner: postgres
--

COPY public.auth_user (id, password, last_login, is_superuser, username, first_name, last_name, email, is_staff, is_active, date_joined) FROM stdin;
2	pbkdf2_sha256$870000$vUbk7G40UurYDBRTmDq1gN$0L2YnPdIZWUqLLKRBEYmSHIwi9quMgZ3hneIhCKu6Xo=	\N	f	Milusia	Milusia	Króliczek	milusiajemarfefki@siusia.com	f	t	2025-03-09 00:15:28.904502+01
4	pbkdf2_sha256$870000$A2zdpashHs3nDgLtzMPkkB$Dw0dQG0Bni+iPRkj8j8N9W0EsThz79Jsk5GkhZ+AOr8=	\N	f	Pampek	Pampek	Srampek	Pampek@marfefka.com	f	t	2025-03-14 21:00:47.157462+01
5	pbkdf2_sha256$870000$VeErleYIv1cLq9HE4dGioj$4132II6+Vb91WlYibtIMljZdHiY83VOsNXqr51pH5Ag=	\N	f	student			student@stud.pl	f	t	2025-04-11 12:55:04.855704+02
3	pbkdf2_sha256$870000$lvZBC2ldjc7VoxW8EaI3Ma$fdcPkg+nisydjoYJaYhjE2H90HKTJsamglCY0YBP1d0=	2025-04-11 19:52:29.834547+02	t	AppAdmin				t	t	2025-03-09 20:51:47.561435+01
\.


--
-- TOC entry 5035 (class 0 OID 16430)
-- Dependencies: 230
-- Data for Name: auth_user_groups; Type: TABLE DATA; Schema: public; Owner: postgres
--

COPY public.auth_user_groups (id, user_id, group_id) FROM stdin;
\.


--
-- TOC entry 5037 (class 0 OID 16436)
-- Dependencies: 232
-- Data for Name: auth_user_user_permissions; Type: TABLE DATA; Schema: public; Owner: postgres
--

COPY public.auth_user_user_permissions (id, user_id, permission_id) FROM stdin;
\.


--
-- TOC entry 5039 (class 0 OID 16494)
-- Dependencies: 234
-- Data for Name: django_admin_log; Type: TABLE DATA; Schema: public; Owner: postgres
--

COPY public.django_admin_log (id, action_time, object_id, object_repr, action_flag, change_message, content_type_id, user_id) FROM stdin;
1	2025-03-09 20:56:37.046847+01	2	Milusia	2	[{"changed": {"fields": ["password"]}}]	4	3
2	2025-03-12 20:33:03.461988+01	2	Milusia	2	[{"changed": {"fields": ["password"]}}]	4	3
3	2025-03-14 21:49:19.146143+01	1	Anthurium (Milusia)	1	[{"added": {}}]	9	3
4	2025-04-11 15:55:14.715168+02	1	Aloes (Milusia)	2	[{"changed": {"fields": ["Plant"]}}]	9	3
5	2025-04-11 15:57:38.615379+02	2	Aloes (student)	1	[{"added": {}}]	9	3
6	2025-04-11 16:10:41.018734+02	3	Anthurium (Milusia)	1	[{"added": {}}]	9	3
7	2025-04-11 20:05:22.777346+02	21	Ceropegia Woodii	2	[{"changed": {"fields": ["Sunlight"]}}]	8	3
8	2025-04-11 20:06:02.436941+02	2	Aloes	2	[{"changed": {"fields": ["Sunlight"]}}]	8	3
9	2025-04-11 21:43:42.425947+02	4	Monstera (Milusia)	1	[{"added": {}}]	9	3
10	2025-04-11 22:12:58.151751+02	5	Calathea (Milusia)	1	[{"added": {}}]	9	3
11	2025-04-11 22:13:04.076317+02	6	Hibiskus (Milusia)	1	[{"added": {}}]	9	3
\.


--
-- TOC entry 5025 (class 0 OID 16394)
-- Dependencies: 220
-- Data for Name: django_content_type; Type: TABLE DATA; Schema: public; Owner: postgres
--

COPY public.django_content_type (id, app_label, model) FROM stdin;
1	admin	logentry
2	auth	permission
3	auth	group
4	auth	user
5	contenttypes	contenttype
6	sessions	session
7	myapp	wateringhistory
8	myapp	plant
9	myapp	userplant
\.


--
-- TOC entry 5023 (class 0 OID 16386)
-- Dependencies: 218
-- Data for Name: django_migrations; Type: TABLE DATA; Schema: public; Owner: postgres
--

COPY public.django_migrations (id, app, name, applied) FROM stdin;
1	contenttypes	0001_initial	2025-03-07 14:54:29.238642+01
2	auth	0001_initial	2025-03-07 14:54:29.288288+01
3	admin	0001_initial	2025-03-07 14:54:29.304118+01
4	admin	0002_logentry_remove_auto_add	2025-03-07 14:54:29.309186+01
5	admin	0003_logentry_add_action_flag_choices	2025-03-07 14:54:29.316989+01
6	contenttypes	0002_remove_content_type_name	2025-03-07 14:54:29.327661+01
7	auth	0002_alter_permission_name_max_length	2025-03-07 14:54:29.33435+01
8	auth	0003_alter_user_email_max_length	2025-03-07 14:54:29.339639+01
9	auth	0004_alter_user_username_opts	2025-03-07 14:54:29.34468+01
10	auth	0005_alter_user_last_login_null	2025-03-07 14:54:29.350757+01
11	auth	0006_require_contenttypes_0002	2025-03-07 14:54:29.351824+01
12	auth	0007_alter_validators_add_error_messages	2025-03-07 14:54:29.356756+01
13	auth	0008_alter_user_username_max_length	2025-03-07 14:54:29.366908+01
14	auth	0009_alter_user_last_name_max_length	2025-03-07 14:54:29.372078+01
15	auth	0010_alter_group_name_max_length	2025-03-07 14:54:29.377678+01
16	auth	0011_update_proxy_permissions	2025-03-07 14:54:29.382173+01
17	auth	0012_alter_user_first_name_max_length	2025-03-07 14:54:29.388049+01
18	sessions	0001_initial	2025-03-07 14:54:29.395166+01
19	myapp	0001_initial	2025-03-07 20:21:56.657806+01
20	myapp	0002_alter_wateringhistory_options_and_more	2025-03-14 10:42:21.211605+01
21	myapp	0003_auto_20250411_1630	2025-04-11 16:38:20.827491+02
22	myapp	0004_alter_plant_soil_type_alter_plant_sunlight	2025-04-11 20:16:57.033446+02
\.


--
-- TOC entry 5040 (class 0 OID 16522)
-- Dependencies: 235
-- Data for Name: django_session; Type: TABLE DATA; Schema: public; Owner: postgres
--

COPY public.django_session (session_key, session_data, expire_date) FROM stdin;
a7f94uugq4sptz7unna13rlus9z2fsgp	.eJxVjDsOwjAQBe_iGln2xl9Kes5grb0bHECOFCcV4u4QKQW0b2beSyTc1pq2zkuaSJzFIE6_W8by4LYDumO7zbLMbV2mLHdFHrTL60z8vBzu30HFXr81Q7ZGDRC9Mc6DNToDlFHZMjoAUoSOKNiigZlizBjQ6JC9JnbAxYj3B8gJN8g:1trMlJ:MKYzFnill9V4xL3_mjDClTiofxYzRr8eDph_a2iz9pM	2025-03-23 20:56:37.054506+01
f6rsfqjykdkp8r82vgtx3zlfaahy4xen	.eJxVjDsOwjAQBe_iGln2xl9Kes5grb0bHECOFCcV4u4QKQW0b2beSyTc1pq2zkuaSJzFIE6_W8by4LYDumO7zbLMbV2mLHdFHrTL60z8vBzu30HFXr81Q7ZGDRC9Mc6DNToDlFHZMjoAUoSOKNiigZlizBjQ6JC9JnbAxYj3B8gJN8g:1tsRp9:SUYMWht6AHJiMgeCXg4YpTFrvBn6_qdoIByK2tgwQfY	2025-03-26 20:33:03.469204+01
lbwweiyhwdoz9jn7fkmbjsqlp6uskok4	.eJxVjDsOwjAQBe_iGln2xl9Kes5grb0bHECOFCcV4u4QKQW0b2beSyTc1pq2zkuaSJzFIE6_W8by4LYDumO7zbLMbV2mLHdFHrTL60z8vBzu30HFXr81Q7ZGDRC9Mc6DNToDlFHZMjoAUoSOKNiigZlizBjQ6JC9JnbAxYj3B8gJN8g:1u3Epr:egA3syudMX7rY-8C7sLJCHLlEz7p-MGxM4HBv6r_A1k	2025-04-25 15:54:23.76327+02
atzrh5yemi52zh9rtlvwt8jfwlfn6412	.eJxVjDsOwjAQBe_iGln2xl9Kes5grb0bHECOFCcV4u4QKQW0b2beSyTc1pq2zkuaSJzFIE6_W8by4LYDumO7zbLMbV2mLHdFHrTL60z8vBzu30HFXr81Q7ZGDRC9Mc6DNToDlFHZMjoAUoSOKNiigZlizBjQ6JC9JnbAxYj3B8gJN8g:1u3IYH:aCwZipg8J2hNtaHe-gsvdRwoOGrZlZa1rFL_tc7v0Yc	2025-04-25 19:52:29.835998+02
\.


--
-- TOC entry 5042 (class 0 OID 16532)
-- Dependencies: 237
-- Data for Name: myapp_plant; Type: TABLE DATA; Schema: public; Owner: postgres
--

COPY public.myapp_plant (id, name, species, image, water_amount_ml, watering_frequency_days, sunlight, soil_type, preferred_temperature) FROM stdin;
17	Bazylia	Ocimum basilicum	plant_images/Bazylia.jpg	200	5	full_sun	peat	24
1	Monstera	Monstera deliciosa	plant_images/Monstera.jpg	500	7	partial_shade	universal	22
6	Epipremnum Aureum	Epipremnum aureum	plant_images/Epipremnum_Aureum.jpg	400	7	partial_shade	universal	22
18	Mięta	Mentha piperita	plant_images/Mieta.jpg	250	7	partial_shade	universal	22
3	Fikus Benjamina	Ficus benjamina	plant_images/Fikus_Benjamina.jpg	300	7	bright_indirect	universal	21
4	Pilea Peperomioides	Pilea peperomioides	plant_images/Pilea_Peperomioides.jpg	250	10	bright_indirect	universal	19
7	Dracena Marginata	Dracaena marginata	plant_images/Dracena_Marginata.jpg	350	7	bright_indirect	universal	24
9	Ficus Lyrata	Ficus lyrata	plant_images/Ficus_Lyrata.jpg	500	7	bright_indirect	universal	22
11	Peperomia	Peperomia obtusifolia	plant_images/Peperomia.jpg	250	7	bright_indirect	universal	20
2	Aloes	Aloe vera	plant_images/Aloes.jpg	200	14	full_sun	sandy	20
5	Sansewieria	Sansevieria trifasciata	plant_images/Sansewieria.jpg	150	21	full_sun	sandy	23
15	Lawenda	Lavandula angustifolia	plant_images/Lawenda.jpg	300	10	full_sun	sandy	20
16	Rozmaryn	Rosmarinus officinalis	plant_images/Rozmaryn.jpg	250	10	full_sun	sandy	22
8	Zamioculcas Zamiifolia	Zamioculcas zamiifolia	plant_images/Zamioculcas_Zamiifolia.jpg	300	14	partial_shade	sandy	21
10	Calathea	Calathea orbifolia	plant_images/Calathea.jpg	300	7	partial_shade	peat	20
12	Begonia	Begonia maculata	plant_images/Begonia.jpg	400	5	partial_shade	peat	21
13	Hibiskus	Hibiscus rosa-sinensis	plant_images/Hibiskus.jpg	600	3	full_sun	clay	25
23	Spathiphyllum	Spathiphyllum wallisii	plant_images/Spathiphyllum.jpg	300	7	partial_shade	universal	21
26	Pothos	Epipremnum aureum	plant_images/Pothos.jpg	300	7	partial_shade	universal	21
19	Dracena Reflexa	Dracaena reflexa	plant_images/Dracena_Reflexa.jpg	300	7	bright_indirect	universal	21
20	Schefflera	Schefflera arboricola	plant_images/Schefflera.jpg	350	7	bright_indirect	universal	22
27	Spider Plant	Chlorophytum comosum	plant_images/Spider_Plant.jpg	250	7	bright_indirect	universal	20
21	Ceropegia Woodii	Ceropegia woodii	plant_images/Ceropegia_Woodii.jpg	150	14	full_sun	sandy	23
24	Kalanchoe	Kalanchoe blossfeldiana	plant_images/Kalanchoe.jpg	200	10	full_sun	sandy	22
25	Crassula Ovata	Crassula ovata	plant_images/Crassula_Ovata.jpg	250	14	full_sun	sandy	23
30	Kaktus	Mammillaria elongata	plant_images/Kaktus.jpg	100	21	full_sun	sandy	25
31	Euphorbia	Euphorbia trigona	plant_images/Euphorbia.jpg	150	14	full_sun	sandy	22
22	Anthurium	Anthurium andraeanum	plant_images/Anthurium.jpg	400	7	partial_shade	peat	24
28	Paprotka	Nephrolepis exaltata	plant_images/Paprotka.jpg	500	3	partial_shade	peat	18
32	Fuksja	Fuchsia hybrida	plant_images/Fuksja.jpg	400	5	partial_shade	peat	18
35	Azalia	Rhododendron simsii	plant_images/Azalia.jpg	300	7	partial_shade	peat	19
38	Hosta	Hosta sieboldiana	plant_images/Hosta.jpg	350	7	partial_shade	peat	18
39	Begonia Rex	Begonia rex-cultorum	plant_images/Begonia_Rex.jpg	300	7	partial_shade	peat	21
40	Niecierpek	Impatiens walleriana	plant_images/Niecierpek.jpg	400	5	partial_shade	peat	20
14	Róża	Rosa hybrida	plant_images/Roza.jpg	500	4	full_sun	clay	18
34	Oleander	Nerium oleander	plant_images/Oleander.jpg	500	7	full_sun	clay	25
37	Ostrokrzew	Ilex aquifolium	plant_images/Ostrokrzew.jpg	450	7	partial_shade	clay	16
29	Oxalis	Oxalis triangularis	plant_images/Oxalis.jpg	300	7	bright_indirect	clay	20
33	Gardenia	Gardenia jasminoides	plant_images/Gardenia.jpg	350	7	bright_indirect	clay	20
36	Kamelia	Camellia japonica	plant_images/Kamelia.jpg	400	7	bright_indirect	clay	17
\.


--
-- TOC entry 5044 (class 0 OID 16540)
-- Dependencies: 239
-- Data for Name: myapp_userplant; Type: TABLE DATA; Schema: public; Owner: postgres
--

COPY public.myapp_userplant (id, added_at, next_watering_date, plant_id, user_id) FROM stdin;
2	2025-04-11 15:57:38.613403+02	2025-04-25	2	5
3	2025-04-11 16:10:41.018015+02	2025-04-18	22	2
4	2025-04-11 21:43:42.424961+02	2025-04-18	1	2
1	2025-03-14 21:49:19.143825+01	2025-04-26	2	2
\.


--
-- TOC entry 5046 (class 0 OID 16546)
-- Dependencies: 241
-- Data for Name: myapp_wateringhistory; Type: TABLE DATA; Schema: public; Owner: postgres
--

COPY public.myapp_wateringhistory (id, watered_at, user_plant_id) FROM stdin;
1	2025-03-14 21:49:26.985968+01	1
2	2025-03-14 21:49:32.706019+01	1
3	2025-03-14 21:49:34.671472+01	1
4	2025-03-14 21:49:35.429888+01	1
5	2025-03-14 21:52:38.74614+01	1
6	2025-03-14 21:54:26.076036+01	1
7	2025-04-11 15:40:41.219117+02	1
8	2025-04-11 15:51:10.183795+02	1
9	2025-04-11 15:57:44.550401+02	2
10	2025-04-11 16:52:25.410146+02	1
11	2025-04-11 16:52:27.740397+02	3
12	2025-04-11 19:12:37.360297+02	3
13	2025-04-11 21:38:10.020449+02	3
14	2025-04-11 21:45:52.094466+02	4
15	2025-04-12 11:55:52.717586+02	1
\.


--
-- TOC entry 5053 (class 0 OID 0)
-- Dependencies: 223
-- Name: auth_group_id_seq; Type: SEQUENCE SET; Schema: public; Owner: postgres
--

SELECT pg_catalog.setval('public.auth_group_id_seq', 1, false);


--
-- TOC entry 5054 (class 0 OID 0)
-- Dependencies: 225
-- Name: auth_group_permissions_id_seq; Type: SEQUENCE SET; Schema: public; Owner: postgres
--

SELECT pg_catalog.setval('public.auth_group_permissions_id_seq', 1, false);


--
-- TOC entry 5055 (class 0 OID 0)
-- Dependencies: 221
-- Name: auth_permission_id_seq; Type: SEQUENCE SET; Schema: public; Owner: postgres
--

SELECT pg_catalog.setval('public.auth_permission_id_seq', 36, true);


--
-- TOC entry 5056 (class 0 OID 0)
-- Dependencies: 229
-- Name: auth_user_groups_id_seq; Type: SEQUENCE SET; Schema: public; Owner: postgres
--

SELECT pg_catalog.setval('public.auth_user_groups_id_seq', 1, false);


--
-- TOC entry 5057 (class 0 OID 0)
-- Dependencies: 227
-- Name: auth_user_id_seq; Type: SEQUENCE SET; Schema: public; Owner: postgres
--

SELECT pg_catalog.setval('public.auth_user_id_seq', 5, true);


--
-- TOC entry 5058 (class 0 OID 0)
-- Dependencies: 231
-- Name: auth_user_user_permissions_id_seq; Type: SEQUENCE SET; Schema: public; Owner: postgres
--

SELECT pg_catalog.setval('public.auth_user_user_permissions_id_seq', 1, false);


--
-- TOC entry 5059 (class 0 OID 0)
-- Dependencies: 233
-- Name: django_admin_log_id_seq; Type: SEQUENCE SET; Schema: public; Owner: postgres
--

SELECT pg_catalog.setval('public.django_admin_log_id_seq', 11, true);


--
-- TOC entry 5060 (class 0 OID 0)
-- Dependencies: 219
-- Name: django_content_type_id_seq; Type: SEQUENCE SET; Schema: public; Owner: postgres
--

SELECT pg_catalog.setval('public.django_content_type_id_seq', 9, true);


--
-- TOC entry 5061 (class 0 OID 0)
-- Dependencies: 217
-- Name: django_migrations_id_seq; Type: SEQUENCE SET; Schema: public; Owner: postgres
--

SELECT pg_catalog.setval('public.django_migrations_id_seq', 22, true);


--
-- TOC entry 5062 (class 0 OID 0)
-- Dependencies: 236
-- Name: myapp_plant_id_seq; Type: SEQUENCE SET; Schema: public; Owner: postgres
--

SELECT pg_catalog.setval('public.myapp_plant_id_seq', 1, true);


--
-- TOC entry 5063 (class 0 OID 0)
-- Dependencies: 238
-- Name: myapp_userplant_id_seq; Type: SEQUENCE SET; Schema: public; Owner: postgres
--

SELECT pg_catalog.setval('public.myapp_userplant_id_seq', 6, true);


--
-- TOC entry 5064 (class 0 OID 0)
-- Dependencies: 240
-- Name: myapp_wateringhistory_id_seq; Type: SEQUENCE SET; Schema: public; Owner: postgres
--

SELECT pg_catalog.setval('public.myapp_wateringhistory_id_seq', 15, true);


--
-- TOC entry 4817 (class 2606 OID 16520)
-- Name: auth_group auth_group_name_key; Type: CONSTRAINT; Schema: public; Owner: postgres
--

ALTER TABLE ONLY public.auth_group
    ADD CONSTRAINT auth_group_name_key UNIQUE (name);


--
-- TOC entry 4822 (class 2606 OID 16451)
-- Name: auth_group_permissions auth_group_permissions_group_id_permission_id_0cd325b0_uniq; Type: CONSTRAINT; Schema: public; Owner: postgres
--

ALTER TABLE ONLY public.auth_group_permissions
    ADD CONSTRAINT auth_group_permissions_group_id_permission_id_0cd325b0_uniq UNIQUE (group_id, permission_id);


--
-- TOC entry 4825 (class 2606 OID 16420)
-- Name: auth_group_permissions auth_group_permissions_pkey; Type: CONSTRAINT; Schema: public; Owner: postgres
--

ALTER TABLE ONLY public.auth_group_permissions
    ADD CONSTRAINT auth_group_permissions_pkey PRIMARY KEY (id);


--
-- TOC entry 4819 (class 2606 OID 16412)
-- Name: auth_group auth_group_pkey; Type: CONSTRAINT; Schema: public; Owner: postgres
--

ALTER TABLE ONLY public.auth_group
    ADD CONSTRAINT auth_group_pkey PRIMARY KEY (id);


--
-- TOC entry 4812 (class 2606 OID 16442)
-- Name: auth_permission auth_permission_content_type_id_codename_01ab375a_uniq; Type: CONSTRAINT; Schema: public; Owner: postgres
--

ALTER TABLE ONLY public.auth_permission
    ADD CONSTRAINT auth_permission_content_type_id_codename_01ab375a_uniq UNIQUE (content_type_id, codename);


--
-- TOC entry 4814 (class 2606 OID 16406)
-- Name: auth_permission auth_permission_pkey; Type: CONSTRAINT; Schema: public; Owner: postgres
--

ALTER TABLE ONLY public.auth_permission
    ADD CONSTRAINT auth_permission_pkey PRIMARY KEY (id);


--
-- TOC entry 4833 (class 2606 OID 16434)
-- Name: auth_user_groups auth_user_groups_pkey; Type: CONSTRAINT; Schema: public; Owner: postgres
--

ALTER TABLE ONLY public.auth_user_groups
    ADD CONSTRAINT auth_user_groups_pkey PRIMARY KEY (id);


--
-- TOC entry 4836 (class 2606 OID 16466)
-- Name: auth_user_groups auth_user_groups_user_id_group_id_94350c0c_uniq; Type: CONSTRAINT; Schema: public; Owner: postgres
--

ALTER TABLE ONLY public.auth_user_groups
    ADD CONSTRAINT auth_user_groups_user_id_group_id_94350c0c_uniq UNIQUE (user_id, group_id);


--
-- TOC entry 4827 (class 2606 OID 16426)
-- Name: auth_user auth_user_pkey; Type: CONSTRAINT; Schema: public; Owner: postgres
--

ALTER TABLE ONLY public.auth_user
    ADD CONSTRAINT auth_user_pkey PRIMARY KEY (id);


--
-- TOC entry 4839 (class 2606 OID 16440)
-- Name: auth_user_user_permissions auth_user_user_permissions_pkey; Type: CONSTRAINT; Schema: public; Owner: postgres
--

ALTER TABLE ONLY public.auth_user_user_permissions
    ADD CONSTRAINT auth_user_user_permissions_pkey PRIMARY KEY (id);


--
-- TOC entry 4842 (class 2606 OID 16480)
-- Name: auth_user_user_permissions auth_user_user_permissions_user_id_permission_id_14a6b632_uniq; Type: CONSTRAINT; Schema: public; Owner: postgres
--

ALTER TABLE ONLY public.auth_user_user_permissions
    ADD CONSTRAINT auth_user_user_permissions_user_id_permission_id_14a6b632_uniq UNIQUE (user_id, permission_id);


--
-- TOC entry 4830 (class 2606 OID 16515)
-- Name: auth_user auth_user_username_key; Type: CONSTRAINT; Schema: public; Owner: postgres
--

ALTER TABLE ONLY public.auth_user
    ADD CONSTRAINT auth_user_username_key UNIQUE (username);


--
-- TOC entry 4845 (class 2606 OID 16501)
-- Name: django_admin_log django_admin_log_pkey; Type: CONSTRAINT; Schema: public; Owner: postgres
--

ALTER TABLE ONLY public.django_admin_log
    ADD CONSTRAINT django_admin_log_pkey PRIMARY KEY (id);


--
-- TOC entry 4807 (class 2606 OID 16400)
-- Name: django_content_type django_content_type_app_label_model_76bd3d3b_uniq; Type: CONSTRAINT; Schema: public; Owner: postgres
--

ALTER TABLE ONLY public.django_content_type
    ADD CONSTRAINT django_content_type_app_label_model_76bd3d3b_uniq UNIQUE (app_label, model);


--
-- TOC entry 4809 (class 2606 OID 16398)
-- Name: django_content_type django_content_type_pkey; Type: CONSTRAINT; Schema: public; Owner: postgres
--

ALTER TABLE ONLY public.django_content_type
    ADD CONSTRAINT django_content_type_pkey PRIMARY KEY (id);


--
-- TOC entry 4805 (class 2606 OID 16392)
-- Name: django_migrations django_migrations_pkey; Type: CONSTRAINT; Schema: public; Owner: postgres
--

ALTER TABLE ONLY public.django_migrations
    ADD CONSTRAINT django_migrations_pkey PRIMARY KEY (id);


--
-- TOC entry 4849 (class 2606 OID 16528)
-- Name: django_session django_session_pkey; Type: CONSTRAINT; Schema: public; Owner: postgres
--

ALTER TABLE ONLY public.django_session
    ADD CONSTRAINT django_session_pkey PRIMARY KEY (session_key);


--
-- TOC entry 4853 (class 2606 OID 16538)
-- Name: myapp_plant myapp_plant_name_key; Type: CONSTRAINT; Schema: public; Owner: postgres
--

ALTER TABLE ONLY public.myapp_plant
    ADD CONSTRAINT myapp_plant_name_key UNIQUE (name);


--
-- TOC entry 4855 (class 2606 OID 16536)
-- Name: myapp_plant myapp_plant_pkey; Type: CONSTRAINT; Schema: public; Owner: postgres
--

ALTER TABLE ONLY public.myapp_plant
    ADD CONSTRAINT myapp_plant_pkey PRIMARY KEY (id);


--
-- TOC entry 4857 (class 2606 OID 16544)
-- Name: myapp_userplant myapp_userplant_pkey; Type: CONSTRAINT; Schema: public; Owner: postgres
--

ALTER TABLE ONLY public.myapp_userplant
    ADD CONSTRAINT myapp_userplant_pkey PRIMARY KEY (id);


--
-- TOC entry 4861 (class 2606 OID 16573)
-- Name: myapp_userplant myapp_userplant_user_id_plant_id_2bda640a_uniq; Type: CONSTRAINT; Schema: public; Owner: postgres
--

ALTER TABLE ONLY public.myapp_userplant
    ADD CONSTRAINT myapp_userplant_user_id_plant_id_2bda640a_uniq UNIQUE (user_id, plant_id);


--
-- TOC entry 4863 (class 2606 OID 16550)
-- Name: myapp_wateringhistory myapp_wateringhistory_pkey; Type: CONSTRAINT; Schema: public; Owner: postgres
--

ALTER TABLE ONLY public.myapp_wateringhistory
    ADD CONSTRAINT myapp_wateringhistory_pkey PRIMARY KEY (id);


--
-- TOC entry 4815 (class 1259 OID 16521)
-- Name: auth_group_name_a6ea08ec_like; Type: INDEX; Schema: public; Owner: postgres
--

CREATE INDEX auth_group_name_a6ea08ec_like ON public.auth_group USING btree (name varchar_pattern_ops);


--
-- TOC entry 4820 (class 1259 OID 16462)
-- Name: auth_group_permissions_group_id_b120cbf9; Type: INDEX; Schema: public; Owner: postgres
--

CREATE INDEX auth_group_permissions_group_id_b120cbf9 ON public.auth_group_permissions USING btree (group_id);


--
-- TOC entry 4823 (class 1259 OID 16463)
-- Name: auth_group_permissions_permission_id_84c5c92e; Type: INDEX; Schema: public; Owner: postgres
--

CREATE INDEX auth_group_permissions_permission_id_84c5c92e ON public.auth_group_permissions USING btree (permission_id);


--
-- TOC entry 4810 (class 1259 OID 16448)
-- Name: auth_permission_content_type_id_2f476e4b; Type: INDEX; Schema: public; Owner: postgres
--

CREATE INDEX auth_permission_content_type_id_2f476e4b ON public.auth_permission USING btree (content_type_id);


--
-- TOC entry 4831 (class 1259 OID 16478)
-- Name: auth_user_groups_group_id_97559544; Type: INDEX; Schema: public; Owner: postgres
--

CREATE INDEX auth_user_groups_group_id_97559544 ON public.auth_user_groups USING btree (group_id);


--
-- TOC entry 4834 (class 1259 OID 16477)
-- Name: auth_user_groups_user_id_6a12ed8b; Type: INDEX; Schema: public; Owner: postgres
--

CREATE INDEX auth_user_groups_user_id_6a12ed8b ON public.auth_user_groups USING btree (user_id);


--
-- TOC entry 4837 (class 1259 OID 16492)
-- Name: auth_user_user_permissions_permission_id_1fbb5f2c; Type: INDEX; Schema: public; Owner: postgres
--

CREATE INDEX auth_user_user_permissions_permission_id_1fbb5f2c ON public.auth_user_user_permissions USING btree (permission_id);


--
-- TOC entry 4840 (class 1259 OID 16491)
-- Name: auth_user_user_permissions_user_id_a95ead1b; Type: INDEX; Schema: public; Owner: postgres
--

CREATE INDEX auth_user_user_permissions_user_id_a95ead1b ON public.auth_user_user_permissions USING btree (user_id);


--
-- TOC entry 4828 (class 1259 OID 16516)
-- Name: auth_user_username_6821ab7c_like; Type: INDEX; Schema: public; Owner: postgres
--

CREATE INDEX auth_user_username_6821ab7c_like ON public.auth_user USING btree (username varchar_pattern_ops);


--
-- TOC entry 4843 (class 1259 OID 16512)
-- Name: django_admin_log_content_type_id_c4bce8eb; Type: INDEX; Schema: public; Owner: postgres
--

CREATE INDEX django_admin_log_content_type_id_c4bce8eb ON public.django_admin_log USING btree (content_type_id);


--
-- TOC entry 4846 (class 1259 OID 16513)
-- Name: django_admin_log_user_id_c564eba6; Type: INDEX; Schema: public; Owner: postgres
--

CREATE INDEX django_admin_log_user_id_c564eba6 ON public.django_admin_log USING btree (user_id);


--
-- TOC entry 4847 (class 1259 OID 16530)
-- Name: django_session_expire_date_a5c62663; Type: INDEX; Schema: public; Owner: postgres
--

CREATE INDEX django_session_expire_date_a5c62663 ON public.django_session USING btree (expire_date);


--
-- TOC entry 4850 (class 1259 OID 16529)
-- Name: django_session_session_key_c0390e0f_like; Type: INDEX; Schema: public; Owner: postgres
--

CREATE INDEX django_session_session_key_c0390e0f_like ON public.django_session USING btree (session_key varchar_pattern_ops);


--
-- TOC entry 4851 (class 1259 OID 16551)
-- Name: myapp_plant_name_f1386c1d_like; Type: INDEX; Schema: public; Owner: postgres
--

CREATE INDEX myapp_plant_name_f1386c1d_like ON public.myapp_plant USING btree (name varchar_pattern_ops);


--
-- TOC entry 4858 (class 1259 OID 16562)
-- Name: myapp_userplant_plant_id_550efa21; Type: INDEX; Schema: public; Owner: postgres
--

CREATE INDEX myapp_userplant_plant_id_550efa21 ON public.myapp_userplant USING btree (plant_id);


--
-- TOC entry 4859 (class 1259 OID 16563)
-- Name: myapp_userplant_user_id_f618c6fa; Type: INDEX; Schema: public; Owner: postgres
--

CREATE INDEX myapp_userplant_user_id_f618c6fa ON public.myapp_userplant USING btree (user_id);


--
-- TOC entry 4864 (class 1259 OID 16569)
-- Name: myapp_wateringhistory_user_plant_id_f094f23d; Type: INDEX; Schema: public; Owner: postgres
--

CREATE INDEX myapp_wateringhistory_user_plant_id_f094f23d ON public.myapp_wateringhistory USING btree (user_plant_id);


--
-- TOC entry 4866 (class 2606 OID 16457)
-- Name: auth_group_permissions auth_group_permissio_permission_id_84c5c92e_fk_auth_perm; Type: FK CONSTRAINT; Schema: public; Owner: postgres
--

ALTER TABLE ONLY public.auth_group_permissions
    ADD CONSTRAINT auth_group_permissio_permission_id_84c5c92e_fk_auth_perm FOREIGN KEY (permission_id) REFERENCES public.auth_permission(id) DEFERRABLE INITIALLY DEFERRED;


--
-- TOC entry 4867 (class 2606 OID 16452)
-- Name: auth_group_permissions auth_group_permissions_group_id_b120cbf9_fk_auth_group_id; Type: FK CONSTRAINT; Schema: public; Owner: postgres
--

ALTER TABLE ONLY public.auth_group_permissions
    ADD CONSTRAINT auth_group_permissions_group_id_b120cbf9_fk_auth_group_id FOREIGN KEY (group_id) REFERENCES public.auth_group(id) DEFERRABLE INITIALLY DEFERRED;


--
-- TOC entry 4865 (class 2606 OID 16443)
-- Name: auth_permission auth_permission_content_type_id_2f476e4b_fk_django_co; Type: FK CONSTRAINT; Schema: public; Owner: postgres
--

ALTER TABLE ONLY public.auth_permission
    ADD CONSTRAINT auth_permission_content_type_id_2f476e4b_fk_django_co FOREIGN KEY (content_type_id) REFERENCES public.django_content_type(id) DEFERRABLE INITIALLY DEFERRED;


--
-- TOC entry 4868 (class 2606 OID 16472)
-- Name: auth_user_groups auth_user_groups_group_id_97559544_fk_auth_group_id; Type: FK CONSTRAINT; Schema: public; Owner: postgres
--

ALTER TABLE ONLY public.auth_user_groups
    ADD CONSTRAINT auth_user_groups_group_id_97559544_fk_auth_group_id FOREIGN KEY (group_id) REFERENCES public.auth_group(id) DEFERRABLE INITIALLY DEFERRED;


--
-- TOC entry 4869 (class 2606 OID 16467)
-- Name: auth_user_groups auth_user_groups_user_id_6a12ed8b_fk_auth_user_id; Type: FK CONSTRAINT; Schema: public; Owner: postgres
--

ALTER TABLE ONLY public.auth_user_groups
    ADD CONSTRAINT auth_user_groups_user_id_6a12ed8b_fk_auth_user_id FOREIGN KEY (user_id) REFERENCES public.auth_user(id) DEFERRABLE INITIALLY DEFERRED;


--
-- TOC entry 4870 (class 2606 OID 16486)
-- Name: auth_user_user_permissions auth_user_user_permi_permission_id_1fbb5f2c_fk_auth_perm; Type: FK CONSTRAINT; Schema: public; Owner: postgres
--

ALTER TABLE ONLY public.auth_user_user_permissions
    ADD CONSTRAINT auth_user_user_permi_permission_id_1fbb5f2c_fk_auth_perm FOREIGN KEY (permission_id) REFERENCES public.auth_permission(id) DEFERRABLE INITIALLY DEFERRED;


--
-- TOC entry 4871 (class 2606 OID 16481)
-- Name: auth_user_user_permissions auth_user_user_permissions_user_id_a95ead1b_fk_auth_user_id; Type: FK CONSTRAINT; Schema: public; Owner: postgres
--

ALTER TABLE ONLY public.auth_user_user_permissions
    ADD CONSTRAINT auth_user_user_permissions_user_id_a95ead1b_fk_auth_user_id FOREIGN KEY (user_id) REFERENCES public.auth_user(id) DEFERRABLE INITIALLY DEFERRED;


--
-- TOC entry 4872 (class 2606 OID 16502)
-- Name: django_admin_log django_admin_log_content_type_id_c4bce8eb_fk_django_co; Type: FK CONSTRAINT; Schema: public; Owner: postgres
--

ALTER TABLE ONLY public.django_admin_log
    ADD CONSTRAINT django_admin_log_content_type_id_c4bce8eb_fk_django_co FOREIGN KEY (content_type_id) REFERENCES public.django_content_type(id) DEFERRABLE INITIALLY DEFERRED;


--
-- TOC entry 4873 (class 2606 OID 16507)
-- Name: django_admin_log django_admin_log_user_id_c564eba6_fk_auth_user_id; Type: FK CONSTRAINT; Schema: public; Owner: postgres
--

ALTER TABLE ONLY public.django_admin_log
    ADD CONSTRAINT django_admin_log_user_id_c564eba6_fk_auth_user_id FOREIGN KEY (user_id) REFERENCES public.auth_user(id) DEFERRABLE INITIALLY DEFERRED;


--
-- TOC entry 4874 (class 2606 OID 16552)
-- Name: myapp_userplant myapp_userplant_plant_id_550efa21_fk_myapp_plant_id; Type: FK CONSTRAINT; Schema: public; Owner: postgres
--

ALTER TABLE ONLY public.myapp_userplant
    ADD CONSTRAINT myapp_userplant_plant_id_550efa21_fk_myapp_plant_id FOREIGN KEY (plant_id) REFERENCES public.myapp_plant(id) DEFERRABLE INITIALLY DEFERRED;


--
-- TOC entry 4875 (class 2606 OID 16557)
-- Name: myapp_userplant myapp_userplant_user_id_f618c6fa_fk_auth_user_id; Type: FK CONSTRAINT; Schema: public; Owner: postgres
--

ALTER TABLE ONLY public.myapp_userplant
    ADD CONSTRAINT myapp_userplant_user_id_f618c6fa_fk_auth_user_id FOREIGN KEY (user_id) REFERENCES public.auth_user(id) DEFERRABLE INITIALLY DEFERRED;


--
-- TOC entry 4876 (class 2606 OID 16564)
-- Name: myapp_wateringhistory myapp_wateringhistor_user_plant_id_f094f23d_fk_myapp_use; Type: FK CONSTRAINT; Schema: public; Owner: postgres
--

ALTER TABLE ONLY public.myapp_wateringhistory
    ADD CONSTRAINT myapp_wateringhistor_user_plant_id_f094f23d_fk_myapp_use FOREIGN KEY (user_plant_id) REFERENCES public.myapp_userplant(id) DEFERRABLE INITIALLY DEFERRED;


-- Completed on 2025-04-12 12:04:27

--
-- PostgreSQL database dump complete
--

--
-- Database "postgres" dump
--

\connect postgres

--
-- PostgreSQL database dump
--

-- Dumped from database version 17.4
-- Dumped by pg_dump version 17.4

-- Started on 2025-04-12 12:04:27

SET statement_timeout = 0;
SET lock_timeout = 0;
SET idle_in_transaction_session_timeout = 0;
SET transaction_timeout = 0;
SET client_encoding = 'UTF8';
SET standard_conforming_strings = on;
SELECT pg_catalog.set_config('search_path', '', false);
SET check_function_bodies = false;
SET xmloption = content;
SET client_min_messages = warning;
SET row_security = off;

-- Completed on 2025-04-12 12:04:27

--
-- PostgreSQL database dump complete
--

-- Completed on 2025-04-12 12:04:27

--
-- PostgreSQL database cluster dump complete
--

